n_videos,dur_min_s,dur_max_s,dur_mean_s,fps_min,fps_max,fps_mean
18,11.47,22.86,15.055555555555555,29.9,59.94,38.268888888888895
