label,dur_seg
caminando,162.60999999999999
transicion,54.199999999999996
sentado,46.06000000000001
de_pie,8.13
